voltage,time
6.451612903225806,0
7.554838709677419,1
7.551612903225807,2
21.787096774193547,3
